,pais,rh950mb,rh900mb,rh850mb,rh800mb,rh750mb,rh700mb,rh650mb,rh600mb,rh550mb,rh500mb,rh450mb,rh400mb,rh350mb,rh300mb,rh250mb,rh200mb,Unnamed: 0,timepoint,cloudcover,highcloud,midcloud,lowcloud,temp2m,lifted_index,rh2m,msl_pressure,prec_amount,snow_depth,wind10m.direction,wind10m.speed
0,Australia,3.390625,4.484375,6.015625,7.796875,9.734375,11.328125,11.53125,8.359375,4.40625,2.421875,-0.171875,-0.265625,-2.59375,-3.265625,-3.546875,-3.265625,31.5,97.5,4.46875,-9999.0,-9999.0,-9999.0,32.625,-1.140625,3.1875,1005.53125,2.640625,0.0,93.515625,2.734375
1,New Zealand,-2647.90625,10.8125,11.84375,11.90625,10.015625,7.90625,5.8125,4.21875,3.71875,3.671875,3.734375,4.375,5.40625,6.796875,7.265625,-1.390625,31.5,97.5,6.015625,-9999.0,-9999.0,-9999.0,15.046875,5.078125,11.109375,1015.578125,2.921875,0.0,143.203125,1.953125
2,Papua New Guinea,-9999.0,-9999.0,-9999.0,11.953125,12.484375,11.609375,11.15625,11.59375,11.578125,10.5,9.59375,9.3125,11.46875,12.84375,12.375,11.234375,31.5,97.5,8.21875,-9999.0,-9999.0,-9999.0,14.90625,0.015625,13.21875,-9999.0,4.546875,0.0,207.5,1.984375
3,South Africa,-9999.0,-9999.0,-0.046875,0.515625,1.5,2.890625,5.0625,8.3125,11.359375,6.890625,0.46875,-0.5625,0.6875,3.5,3.0625,5.390625,31.5,97.5,4.4375,-9999.0,-9999.0,-9999.0,31.640625,0.703125,0.140625,1010.0625,0.765625,0.0,149.609375,3.015625
4,USA,-9999.0,6.953125,4.953125,3.6875,4.3125,4.890625,5.234375,6.234375,6.25,6.59375,6.703125,7.921875,9.578125,9.015625,6.59375,3.0625,31.5,97.5,5.921875,-9999.0,-9999.0,-9999.0,3.9375,13.21875,8.609375,1012.078125,0.796875,0.09375,190.625,2.421875
