,pais,Unnamed: 0,timepoint,cloudcover,highcloud,midcloud,lowcloud,temp2m,lifted_index,rh2m,msl_pressure,prec_amount,snow_depth,rh200mb,wind_speed200mb,wind_direction200mb,wind10m.direction,wind10m.speed
0,Australia,31.5,97.5,4.46875,-9999.0,-9999.0,-9999.0,32.625,-1.140625,3.1875,1005.53125,2.640625,0.0,-3.265625,5.625,265.390625,93.515625,2.734375
1,New Zealand,31.5,97.5,6.015625,-9999.0,-9999.0,-9999.0,15.046875,5.078125,11.109375,1015.578125,2.921875,0.0,-1.390625,3.734375,218.4375,143.203125,1.953125
2,Papua New Guinea,31.5,97.5,8.21875,-9999.0,-9999.0,-9999.0,14.90625,0.015625,13.21875,-9999.0,4.546875,0.0,11.234375,5.65625,110.15625,207.5,1.984375
3,South Africa,31.5,97.5,4.4375,-9999.0,-9999.0,-9999.0,31.640625,0.703125,0.140625,1010.0625,0.765625,0.0,5.390625,3.875,269.53125,149.609375,3.015625
4,USA,31.5,97.5,5.921875,-9999.0,-9999.0,-9999.0,3.9375,13.21875,8.609375,1012.078125,0.796875,0.09375,3.0625,8.421875,272.8125,190.625,2.421875
